{"initial_reset_timestamp": 1625880498.219095, "timestamps": [1625880503.959545, 1625880506.7648523, 1625880508.5130484, 1625880508.7453976, 1625880508.9807675, 1625880513.7540107, 1625880516.216967, 1625880517.784775, 1625880518.122874, 1625880518.3942103, 1625880523.1016266, 1625880525.4792705, 1625880527.0371037, 1625880527.277464, 1625880527.5118346, 1625880532.2332132, 1625880534.5410438, 1625880536.2784016, 1625880536.5027993, 1625880536.7760987, 1625880541.3528366, 1625880543.608835, 1625880545.1857924, 1625880545.4261796, 1625880545.6784756, 1625880550.196397, 1625880552.6847737, 1625880554.3419816, 1625880554.602375, 1625880554.8327606, 1625880559.9041889, 1625880562.473308, 1625880564.3802369, 1625880564.6126156, 1625880564.849952, 1625880569.682065, 1625880572.0906246, 1625880573.7002954, 1625880573.9187376, 1625880574.1501188, 1625880578.9223616, 1625880581.2840223, 1625880582.872801, 1625880583.1729732, 1625880583.44225, 1625880588.515688, 1625880591.122725, 1625880592.7663271, 1625880593.0675528, 1625880593.2989035], "episode_lengths": [464, 235, 159, 23, 23, 464, 235, 159, 23, 23, 464, 235, 159, 23, 23, 464, 235, 159, 23, 23, 464, 235, 159, 23, 23, 464, 235, 159, 23, 23, 464, 235, 159, 23, 23, 464, 235, 159, 23, 23, 464, 235, 159, 23, 23, 464, 235, 159, 23, 23], "episode_rewards": [13.0, 7.0, 3.0, 0.0, 0.0, 13.0, 7.0, 3.0, 0.0, 0.0, 13.0, 7.0, 3.0, 0.0, 0.0, 13.0, 7.0, 3.0, 0.0, 0.0, 13.0, 7.0, 3.0, 0.0, 0.0, 13.0, 7.0, 3.0, 0.0, 0.0, 13.0, 7.0, 3.0, 0.0, 0.0, 13.0, 7.0, 3.0, 0.0, 0.0, 13.0, 7.0, 3.0, 0.0, 0.0, 13.0, 7.0, 3.0, 0.0, 0.0], "episode_types": ["t", "t", "t", "t", "t", "t", "t", "t", "t", "t", "t", "t", "t", "t", "t", "t", "t", "t", "t", "t", "t", "t", "t", "t", "t", "t", "t", "t", "t", "t", "t", "t", "t", "t", "t", "t", "t", "t", "t", "t", "t", "t", "t", "t", "t", "t", "t", "t", "t", "t"]}